<annotation>
	<folder></folder>
	<filename>vdo_1324_jpg.rf.71dd55c5d7949d5a8a100af018ecbfe1.jpg</filename>
	<path>vdo_1324_jpg.rf.71dd55c5d7949d5a8a100af018ecbfe1.jpg</path>
	<source>
		<database>roboflow.ai</database>
	</source>
	<size>
		<width>1920</width>
		<height>1080</height>
		<depth>3</depth>
	</size>
	<segmented>0</segmented>
	<object>
		<name>car</name>
		<pose>Unspecified</pose>
		<truncated>0</truncated>
		<difficult>0</difficult>
		<occluded>0</occluded>
		<bndbox>
			<xmin>1282</xmin>
			<xmax>1514</xmax>
			<ymin>357</ymin>
			<ymax>533</ymax>
		</bndbox>
	</object>
	<object>
		<name>car</name>
		<pose>Unspecified</pose>
		<truncated>0</truncated>
		<difficult>0</difficult>
		<occluded>0</occluded>
		<bndbox>
			<xmin>1040</xmin>
			<xmax>1167</xmax>
			<ymin>122</ymin>
			<ymax>226</ymax>
		</bndbox>
	</object>
	<object>
		<name>car</name>
		<pose>Unspecified</pose>
		<truncated>0</truncated>
		<difficult>0</difficult>
		<occluded>0</occluded>
		<bndbox>
			<xmin>1218</xmin>
			<xmax>1417</xmax>
			<ymin>175</ymin>
			<ymax>299</ymax>
		</bndbox>
	</object>
	<object>
		<name>car</name>
		<pose>Unspecified</pose>
		<truncated>0</truncated>
		<difficult>0</difficult>
		<occluded>0</occluded>
		<bndbox>
			<xmin>446</xmin>
			<xmax>792</xmax>
			<ymin>611</ymin>
			<ymax>959</ymax>
		</bndbox>
	</object>
	<object>
		<name>car</name>
		<pose>Unspecified</pose>
		<truncated>0</truncated>
		<difficult>0</difficult>
		<occluded>0</occluded>
		<bndbox>
			<xmin>982</xmin>
			<xmax>1054</xmax>
			<ymin>85</ymin>
			<ymax>143</ymax>
		</bndbox>
	</object>
	<object>
		<name>car</name>
		<pose>Unspecified</pose>
		<truncated>0</truncated>
		<difficult>0</difficult>
		<occluded>0</occluded>
		<bndbox>
			<xmin>1475</xmin>
			<xmax>1786</xmax>
			<ymin>507</ymin>
			<ymax>777</ymax>
		</bndbox>
	</object>
	<object>
		<name>car</name>
		<pose>Unspecified</pose>
		<truncated>0</truncated>
		<difficult>0</difficult>
		<occluded>0</occluded>
		<bndbox>
			<xmin>566</xmin>
			<xmax>665</xmax>
			<ymin>96</ymin>
			<ymax>160</ymax>
		</bndbox>
	</object>
	<object>
		<name>car</name>
		<pose>Unspecified</pose>
		<truncated>0</truncated>
		<difficult>0</difficult>
		<occluded>0</occluded>
		<bndbox>
			<xmin>887</xmin>
			<xmax>967</xmax>
			<ymin>99</ymin>
			<ymax>141</ymax>
		</bndbox>
	</object>
	<object>
		<name>car</name>
		<pose>Unspecified</pose>
		<truncated>0</truncated>
		<difficult>0</difficult>
		<occluded>0</occluded>
		<bndbox>
			<xmin>564</xmin>
			<xmax>654</xmax>
			<ymin>67</ymin>
			<ymax>118</ymax>
		</bndbox>
	</object>
	<object>
		<name>car</name>
		<pose>Unspecified</pose>
		<truncated>0</truncated>
		<difficult>0</difficult>
		<occluded>0</occluded>
		<bndbox>
			<xmin>1179</xmin>
			<xmax>1221</xmax>
			<ymin>95</ymin>
			<ymax>151</ymax>
		</bndbox>
	</object>
	<object>
		<name>car</name>
		<pose>Unspecified</pose>
		<truncated>0</truncated>
		<difficult>0</difficult>
		<occluded>0</occluded>
		<bndbox>
			<xmin>563</xmin>
			<xmax>641</xmax>
			<ymin>35</ymin>
			<ymax>73</ymax>
		</bndbox>
	</object>
	<object>
		<name>car</name>
		<pose>Unspecified</pose>
		<truncated>0</truncated>
		<difficult>0</difficult>
		<occluded>0</occluded>
		<bndbox>
			<xmin>641</xmin>
			<xmax>695</xmax>
			<ymin>27</ymin>
			<ymax>75</ymax>
		</bndbox>
	</object>
</annotation>
