<annotation>
	<folder></folder>
	<filename>vdo_16_jpg.rf.0577690c37e039aa6cb5253353f738aa.jpg</filename>
	<path>vdo_16_jpg.rf.0577690c37e039aa6cb5253353f738aa.jpg</path>
	<source>
		<database>roboflow.ai</database>
	</source>
	<size>
		<width>1920</width>
		<height>1080</height>
		<depth>3</depth>
	</size>
	<segmented>0</segmented>
	<object>
		<name>car</name>
		<pose>Unspecified</pose>
		<truncated>0</truncated>
		<difficult>0</difficult>
		<occluded>0</occluded>
		<bndbox>
			<xmin>685</xmin>
			<xmax>795</xmax>
			<ymin>95</ymin>
			<ymax>187</ymax>
		</bndbox>
	</object>
	<object>
		<name>car</name>
		<pose>Unspecified</pose>
		<truncated>0</truncated>
		<difficult>0</difficult>
		<occluded>0</occluded>
		<bndbox>
			<xmin>1039</xmin>
			<xmax>1169</xmax>
			<ymin>111</ymin>
			<ymax>229</ymax>
		</bndbox>
	</object>
	<object>
		<name>car</name>
		<pose>Unspecified</pose>
		<truncated>0</truncated>
		<difficult>0</difficult>
		<occluded>0</occluded>
		<bndbox>
			<xmin>1277</xmin>
			<xmax>1513</xmax>
			<ymin>351</ymin>
			<ymax>535</ymax>
		</bndbox>
	</object>
	<object>
		<name>car</name>
		<pose>Unspecified</pose>
		<truncated>0</truncated>
		<difficult>0</difficult>
		<occluded>0</occluded>
		<bndbox>
			<xmin>1471</xmin>
			<xmax>1791</xmax>
			<ymin>515</ymin>
			<ymax>781</ymax>
		</bndbox>
	</object>
	<object>
		<name>car</name>
		<pose>Unspecified</pose>
		<truncated>0</truncated>
		<difficult>0</difficult>
		<occluded>0</occluded>
		<bndbox>
			<xmin>799</xmin>
			<xmax>869</xmax>
			<ymin>71</ymin>
			<ymax>137</ymax>
		</bndbox>
	</object>
	<object>
		<name>car</name>
		<pose>Unspecified</pose>
		<truncated>0</truncated>
		<difficult>0</difficult>
		<occluded>0</occluded>
		<bndbox>
			<xmin>561</xmin>
			<xmax>659</xmax>
			<ymin>89</ymin>
			<ymax>165</ymax>
		</bndbox>
	</object>
	<object>
		<name>car</name>
		<pose>Unspecified</pose>
		<truncated>0</truncated>
		<difficult>0</difficult>
		<occluded>0</occluded>
		<bndbox>
			<xmin>571</xmin>
			<xmax>645</xmax>
			<ymin>51</ymin>
			<ymax>91</ymax>
		</bndbox>
	</object>
	<object>
		<name>car</name>
		<pose>Unspecified</pose>
		<truncated>0</truncated>
		<difficult>0</difficult>
		<occluded>0</occluded>
		<bndbox>
			<xmin>661</xmin>
			<xmax>699</xmax>
			<ymin>77</ymin>
			<ymax>133</ymax>
		</bndbox>
	</object>
	<object>
		<name>car</name>
		<pose>Unspecified</pose>
		<truncated>0</truncated>
		<difficult>0</difficult>
		<occluded>0</occluded>
		<bndbox>
			<xmin>975</xmin>
			<xmax>1053</xmax>
			<ymin>83</ymin>
			<ymax>145</ymax>
		</bndbox>
	</object>
	<object>
		<name>car</name>
		<pose>Unspecified</pose>
		<truncated>0</truncated>
		<difficult>0</difficult>
		<occluded>0</occluded>
		<bndbox>
			<xmin>915</xmin>
			<xmax>967</xmax>
			<ymin>95</ymin>
			<ymax>143</ymax>
		</bndbox>
	</object>
	<object>
		<name>car</name>
		<pose>Unspecified</pose>
		<truncated>0</truncated>
		<difficult>0</difficult>
		<occluded>0</occluded>
		<bndbox>
			<xmin>883</xmin>
			<xmax>913</xmax>
			<ymin>87</ymin>
			<ymax>135</ymax>
		</bndbox>
	</object>
	<object>
		<name>car</name>
		<pose>Unspecified</pose>
		<truncated>0</truncated>
		<difficult>0</difficult>
		<occluded>0</occluded>
		<bndbox>
			<xmin>1179</xmin>
			<xmax>1221</xmax>
			<ymin>89</ymin>
			<ymax>157</ymax>
		</bndbox>
	</object>
</annotation>
