<annotation>
	<folder></folder>
	<filename>vdo_1566_jpg.rf.dcb2ca8e711f6d7ff3b4718263d5e677.jpg</filename>
	<path>vdo_1566_jpg.rf.dcb2ca8e711f6d7ff3b4718263d5e677.jpg</path>
	<source>
		<database>roboflow.ai</database>
	</source>
	<size>
		<width>1920</width>
		<height>1080</height>
		<depth>3</depth>
	</size>
	<segmented>0</segmented>
	<object>
		<name>car</name>
		<pose>Unspecified</pose>
		<truncated>0</truncated>
		<difficult>0</difficult>
		<occluded>0</occluded>
		<bndbox>
			<xmin>1282</xmin>
			<xmax>1508</xmax>
			<ymin>355</ymin>
			<ymax>528</ymax>
		</bndbox>
	</object>
	<object>
		<name>car</name>
		<pose>Unspecified</pose>
		<truncated>0</truncated>
		<difficult>0</difficult>
		<occluded>0</occluded>
		<bndbox>
			<xmin>1039</xmin>
			<xmax>1169</xmax>
			<ymin>122</ymin>
			<ymax>224</ymax>
		</bndbox>
	</object>
	<object>
		<name>car</name>
		<pose>Unspecified</pose>
		<truncated>0</truncated>
		<difficult>0</difficult>
		<occluded>0</occluded>
		<bndbox>
			<xmin>969</xmin>
			<xmax>1162</xmax>
			<ymin>273</ymin>
			<ymax>420</ymax>
		</bndbox>
	</object>
	<object>
		<name>car</name>
		<pose>Unspecified</pose>
		<truncated>0</truncated>
		<difficult>0</difficult>
		<occluded>0</occluded>
		<bndbox>
			<xmin>652</xmin>
			<xmax>800</xmax>
			<ymin>156</ymin>
			<ymax>292</ymax>
		</bndbox>
	</object>
	<object>
		<name>car</name>
		<pose>Unspecified</pose>
		<truncated>0</truncated>
		<difficult>0</difficult>
		<occluded>0</occluded>
		<bndbox>
			<xmin>1474</xmin>
			<xmax>1786</xmax>
			<ymin>519</ymin>
			<ymax>772</ymax>
		</bndbox>
	</object>
	<object>
		<name>car</name>
		<pose>Unspecified</pose>
		<truncated>0</truncated>
		<difficult>0</difficult>
		<occluded>0</occluded>
		<bndbox>
			<xmin>566</xmin>
			<xmax>665</xmax>
			<ymin>116</ymin>
			<ymax>165</ymax>
		</bndbox>
	</object>
	<object>
		<name>car</name>
		<pose>Unspecified</pose>
		<truncated>0</truncated>
		<difficult>0</difficult>
		<occluded>0</occluded>
		<bndbox>
			<xmin>699</xmin>
			<xmax>784</xmax>
			<ymin>75</ymin>
			<ymax>134</ymax>
		</bndbox>
	</object>
	<object>
		<name>car</name>
		<pose>Unspecified</pose>
		<truncated>0</truncated>
		<difficult>0</difficult>
		<occluded>0</occluded>
		<bndbox>
			<xmin>982</xmin>
			<xmax>1052</xmax>
			<ymin>84</ymin>
			<ymax>141</ymax>
		</bndbox>
	</object>
	<object>
		<name>car</name>
		<pose>Unspecified</pose>
		<truncated>0</truncated>
		<difficult>0</difficult>
		<occluded>0</occluded>
		<bndbox>
			<xmin>885</xmin>
			<xmax>970</xmax>
			<ymin>94</ymin>
			<ymax>139</ymax>
		</bndbox>
	</object>
	<object>
		<name>car</name>
		<pose>Unspecified</pose>
		<truncated>0</truncated>
		<difficult>0</difficult>
		<occluded>0</occluded>
		<bndbox>
			<xmin>557</xmin>
			<xmax>655</xmax>
			<ymin>62</ymin>
			<ymax>115</ymax>
		</bndbox>
	</object>
	<object>
		<name>car</name>
		<pose>Unspecified</pose>
		<truncated>0</truncated>
		<difficult>0</difficult>
		<occluded>0</occluded>
		<bndbox>
			<xmin>1174</xmin>
			<xmax>1220</xmax>
			<ymin>94</ymin>
			<ymax>155</ymax>
		</bndbox>
	</object>
</annotation>
