<annotation>
	<folder></folder>
	<filename>vdo_1137_jpg.rf.c71c6f534ab3c70df64bcb4ab2583f9f.jpg</filename>
	<path>vdo_1137_jpg.rf.c71c6f534ab3c70df64bcb4ab2583f9f.jpg</path>
	<source>
		<database>roboflow.ai</database>
	</source>
	<size>
		<width>1920</width>
		<height>1080</height>
		<depth>3</depth>
	</size>
	<segmented>0</segmented>
	<object>
		<name>car</name>
		<pose>Unspecified</pose>
		<truncated>0</truncated>
		<difficult>0</difficult>
		<occluded>0</occluded>
		<bndbox>
			<xmin>1282</xmin>
			<xmax>1515</xmax>
			<ymin>358</ymin>
			<ymax>537</ymax>
		</bndbox>
	</object>
	<object>
		<name>car</name>
		<pose>Unspecified</pose>
		<truncated>0</truncated>
		<difficult>0</difficult>
		<occluded>0</occluded>
		<bndbox>
			<xmin>1041</xmin>
			<xmax>1167</xmax>
			<ymin>121</ymin>
			<ymax>225</ymax>
		</bndbox>
	</object>
	<object>
		<name>car</name>
		<pose>Unspecified</pose>
		<truncated>0</truncated>
		<difficult>0</difficult>
		<occluded>0</occluded>
		<bndbox>
			<xmin>983</xmin>
			<xmax>1052</xmax>
			<ymin>85</ymin>
			<ymax>143</ymax>
		</bndbox>
	</object>
	<object>
		<name>car</name>
		<pose>Unspecified</pose>
		<truncated>0</truncated>
		<difficult>0</difficult>
		<occluded>0</occluded>
		<bndbox>
			<xmin>1472</xmin>
			<xmax>1786</xmax>
			<ymin>506</ymin>
			<ymax>778</ymax>
		</bndbox>
	</object>
	<object>
		<name>car</name>
		<pose>Unspecified</pose>
		<truncated>0</truncated>
		<difficult>0</difficult>
		<occluded>0</occluded>
		<bndbox>
			<xmin>568</xmin>
			<xmax>662</xmax>
			<ymin>119</ymin>
			<ymax>166</ymax>
		</bndbox>
	</object>
	<object>
		<name>car</name>
		<pose>Unspecified</pose>
		<truncated>0</truncated>
		<difficult>0</difficult>
		<occluded>0</occluded>
		<bndbox>
			<xmin>887</xmin>
			<xmax>967</xmax>
			<ymin>100</ymin>
			<ymax>143</ymax>
		</bndbox>
	</object>
	<object>
		<name>car</name>
		<pose>Unspecified</pose>
		<truncated>0</truncated>
		<difficult>0</difficult>
		<occluded>0</occluded>
		<bndbox>
			<xmin>556</xmin>
			<xmax>659</xmax>
			<ymin>67</ymin>
			<ymax>121</ymax>
		</bndbox>
	</object>
	<object>
		<name>car</name>
		<pose>Unspecified</pose>
		<truncated>0</truncated>
		<difficult>0</difficult>
		<occluded>0</occluded>
		<bndbox>
			<xmin>671</xmin>
			<xmax>733</xmax>
			<ymin>91</ymin>
			<ymax>139</ymax>
		</bndbox>
	</object>
	<object>
		<name>car</name>
		<pose>Unspecified</pose>
		<truncated>0</truncated>
		<difficult>0</difficult>
		<occluded>0</occluded>
		<bndbox>
			<xmin>558</xmin>
			<xmax>664</xmax>
			<ymin>75</ymin>
			<ymax>160</ymax>
		</bndbox>
	</object>
</annotation>
