<annotation>
	<folder></folder>
	<filename>vdo_1796_jpg.rf.ed2d29fe4d64b56883e33187918d27a6.jpg</filename>
	<path>vdo_1796_jpg.rf.ed2d29fe4d64b56883e33187918d27a6.jpg</path>
	<source>
		<database>roboflow.ai</database>
	</source>
	<size>
		<width>1920</width>
		<height>1080</height>
		<depth>3</depth>
	</size>
	<segmented>0</segmented>
	<object>
		<name>car</name>
		<pose>Unspecified</pose>
		<truncated>0</truncated>
		<difficult>0</difficult>
		<occluded>0</occluded>
		<bndbox>
			<xmin>877</xmin>
			<xmax>1157</xmax>
			<ymin>163</ymin>
			<ymax>261</ymax>
		</bndbox>
	</object>
	<object>
		<name>car</name>
		<pose>Unspecified</pose>
		<truncated>0</truncated>
		<difficult>0</difficult>
		<occluded>0</occluded>
		<bndbox>
			<xmin>668</xmin>
			<xmax>870</xmax>
			<ymin>258</ymin>
			<ymax>409</ymax>
		</bndbox>
	</object>
	<object>
		<name>car</name>
		<pose>Unspecified</pose>
		<truncated>0</truncated>
		<difficult>0</difficult>
		<occluded>0</occluded>
		<bndbox>
			<xmin>1286</xmin>
			<xmax>1515</xmax>
			<ymin>351</ymin>
			<ymax>527</ymax>
		</bndbox>
	</object>
	<object>
		<name>car</name>
		<pose>Unspecified</pose>
		<truncated>0</truncated>
		<difficult>0</difficult>
		<occluded>0</occluded>
		<bndbox>
			<xmin>1473</xmin>
			<xmax>1785</xmax>
			<ymin>511</ymin>
			<ymax>774</ymax>
		</bndbox>
	</object>
	<object>
		<name>car</name>
		<pose>Unspecified</pose>
		<truncated>0</truncated>
		<difficult>0</difficult>
		<occluded>0</occluded>
		<bndbox>
			<xmin>562</xmin>
			<xmax>659</xmax>
			<ymin>111</ymin>
			<ymax>155</ymax>
		</bndbox>
	</object>
	<object>
		<name>car</name>
		<pose>Unspecified</pose>
		<truncated>0</truncated>
		<difficult>0</difficult>
		<occluded>0</occluded>
		<bndbox>
			<xmin>1044</xmin>
			<xmax>1171</xmax>
			<ymin>112</ymin>
			<ymax>193</ymax>
		</bndbox>
	</object>
	<object>
		<name>car</name>
		<pose>Unspecified</pose>
		<truncated>0</truncated>
		<difficult>0</difficult>
		<occluded>0</occluded>
		<bndbox>
			<xmin>979</xmin>
			<xmax>1052</xmax>
			<ymin>78</ymin>
			<ymax>135</ymax>
		</bndbox>
	</object>
	<object>
		<name>car</name>
		<pose>Unspecified</pose>
		<truncated>0</truncated>
		<difficult>0</difficult>
		<occluded>0</occluded>
		<bndbox>
			<xmin>834</xmin>
			<xmax>967</xmax>
			<ymin>89</ymin>
			<ymax>132</ymax>
		</bndbox>
	</object>
	<object>
		<name>car</name>
		<pose>Unspecified</pose>
		<truncated>0</truncated>
		<difficult>0</difficult>
		<occluded>0</occluded>
		<bndbox>
			<xmin>559</xmin>
			<xmax>658</xmax>
			<ymin>61</ymin>
			<ymax>109</ymax>
		</bndbox>
	</object>
	<object>
		<name>car</name>
		<pose>Unspecified</pose>
		<truncated>0</truncated>
		<difficult>0</difficult>
		<occluded>0</occluded>
		<bndbox>
			<xmin>869</xmin>
			<xmax>939</xmax>
			<ymin>47</ymin>
			<ymax>83</ymax>
		</bndbox>
	</object>
	<object>
		<name>car</name>
		<pose>Unspecified</pose>
		<truncated>0</truncated>
		<difficult>0</difficult>
		<occluded>0</occluded>
		<bndbox>
			<xmin>1179</xmin>
			<xmax>1219</xmax>
			<ymin>83</ymin>
			<ymax>147</ymax>
		</bndbox>
	</object>
</annotation>
