<annotation>
	<folder></folder>
	<filename>vdo_1372_jpg.rf.71c812f90d3c437dab918d2ec02fe998.jpg</filename>
	<path>vdo_1372_jpg.rf.71c812f90d3c437dab918d2ec02fe998.jpg</path>
	<source>
		<database>roboflow.ai</database>
	</source>
	<size>
		<width>1920</width>
		<height>1080</height>
		<depth>3</depth>
	</size>
	<segmented>0</segmented>
	<object>
		<name>car</name>
		<pose>Unspecified</pose>
		<truncated>0</truncated>
		<difficult>0</difficult>
		<occluded>0</occluded>
		<bndbox>
			<xmin>1282</xmin>
			<xmax>1514</xmax>
			<ymin>358</ymin>
			<ymax>534</ymax>
		</bndbox>
	</object>
	<object>
		<name>car</name>
		<pose>Unspecified</pose>
		<truncated>0</truncated>
		<difficult>0</difficult>
		<occluded>0</occluded>
		<bndbox>
			<xmin>1041</xmin>
			<xmax>1167</xmax>
			<ymin>122</ymin>
			<ymax>225</ymax>
		</bndbox>
	</object>
	<object>
		<name>car</name>
		<pose>Unspecified</pose>
		<truncated>0</truncated>
		<difficult>0</difficult>
		<occluded>0</occluded>
		<bndbox>
			<xmin>983</xmin>
			<xmax>1051</xmax>
			<ymin>84</ymin>
			<ymax>142</ymax>
		</bndbox>
	</object>
	<object>
		<name>car</name>
		<pose>Unspecified</pose>
		<truncated>0</truncated>
		<difficult>0</difficult>
		<occluded>0</occluded>
		<bndbox>
			<xmin>567</xmin>
			<xmax>663</xmax>
			<ymin>114</ymin>
			<ymax>166</ymax>
		</bndbox>
	</object>
	<object>
		<name>car</name>
		<pose>Unspecified</pose>
		<truncated>0</truncated>
		<difficult>0</difficult>
		<occluded>0</occluded>
		<bndbox>
			<xmin>1480</xmin>
			<xmax>1784</xmax>
			<ymin>518</ymin>
			<ymax>768</ymax>
		</bndbox>
	</object>
	<object>
		<name>car</name>
		<pose>Unspecified</pose>
		<truncated>0</truncated>
		<difficult>0</difficult>
		<occluded>0</occluded>
		<bndbox>
			<xmin>889</xmin>
			<xmax>967</xmax>
			<ymin>99</ymin>
			<ymax>140</ymax>
		</bndbox>
	</object>
	<object>
		<name>car</name>
		<pose>Unspecified</pose>
		<truncated>0</truncated>
		<difficult>0</difficult>
		<occluded>0</occluded>
		<bndbox>
			<xmin>563</xmin>
			<xmax>656</xmax>
			<ymin>66</ymin>
			<ymax>119</ymax>
		</bndbox>
	</object>
	<object>
		<name>person</name>
		<pose>Unspecified</pose>
		<truncated>0</truncated>
		<difficult>0</difficult>
		<occluded>0</occluded>
		<bndbox>
			<xmin>737</xmin>
			<xmax>793</xmax>
			<ymin>55</ymin>
			<ymax>139</ymax>
		</bndbox>
	</object>
	<object>
		<name>car</name>
		<pose>Unspecified</pose>
		<truncated>0</truncated>
		<difficult>0</difficult>
		<occluded>0</occluded>
		<bndbox>
			<xmin>1173</xmin>
			<xmax>1221</xmax>
			<ymin>91</ymin>
			<ymax>159</ymax>
		</bndbox>
	</object>
</annotation>
