<annotation>
	<folder></folder>
	<filename>vdo_2398_jpg.rf.99c9d150bb522988ee4b201b5439e6df.jpg</filename>
	<path>vdo_2398_jpg.rf.99c9d150bb522988ee4b201b5439e6df.jpg</path>
	<source>
		<database>roboflow.ai</database>
	</source>
	<size>
		<width>1920</width>
		<height>1080</height>
		<depth>3</depth>
	</size>
	<segmented>0</segmented>
	<object>
		<name>car</name>
		<pose>Unspecified</pose>
		<truncated>0</truncated>
		<difficult>0</difficult>
		<occluded>0</occluded>
		<bndbox>
			<xmin>1278</xmin>
			<xmax>1514</xmax>
			<ymin>355</ymin>
			<ymax>532</ymax>
		</bndbox>
	</object>
	<object>
		<name>car</name>
		<pose>Unspecified</pose>
		<truncated>0</truncated>
		<difficult>0</difficult>
		<occluded>0</occluded>
		<bndbox>
			<xmin>1040</xmin>
			<xmax>1172</xmax>
			<ymin>122</ymin>
			<ymax>224</ymax>
		</bndbox>
	</object>
	<object>
		<name>car</name>
		<pose>Unspecified</pose>
		<truncated>0</truncated>
		<difficult>0</difficult>
		<occluded>0</occluded>
		<bndbox>
			<xmin>1473</xmin>
			<xmax>1786</xmax>
			<ymin>502</ymin>
			<ymax>776</ymax>
		</bndbox>
	</object>
	<object>
		<name>car</name>
		<pose>Unspecified</pose>
		<truncated>0</truncated>
		<difficult>0</difficult>
		<occluded>0</occluded>
		<bndbox>
			<xmin>567</xmin>
			<xmax>661</xmax>
			<ymin>113</ymin>
			<ymax>158</ymax>
		</bndbox>
	</object>
	<object>
		<name>car</name>
		<pose>Unspecified</pose>
		<truncated>0</truncated>
		<difficult>0</difficult>
		<occluded>0</occluded>
		<bndbox>
			<xmin>890</xmin>
			<xmax>970</xmax>
			<ymin>95</ymin>
			<ymax>137</ymax>
		</bndbox>
	</object>
	<object>
		<name>car</name>
		<pose>Unspecified</pose>
		<truncated>0</truncated>
		<difficult>0</difficult>
		<occluded>0</occluded>
		<bndbox>
			<xmin>981</xmin>
			<xmax>1050</xmax>
			<ymin>84</ymin>
			<ymax>141</ymax>
		</bndbox>
	</object>
	<object>
		<name>car</name>
		<pose>Unspecified</pose>
		<truncated>0</truncated>
		<difficult>0</difficult>
		<occluded>0</occluded>
		<bndbox>
			<xmin>689</xmin>
			<xmax>790</xmax>
			<ymin>87</ymin>
			<ymax>144</ymax>
		</bndbox>
	</object>
	<object>
		<name>car</name>
		<pose>Unspecified</pose>
		<truncated>0</truncated>
		<difficult>0</difficult>
		<occluded>0</occluded>
		<bndbox>
			<xmin>622</xmin>
			<xmax>707</xmax>
			<ymin>34</ymin>
			<ymax>74</ymax>
		</bndbox>
	</object>
	<object>
		<name>car</name>
		<pose>Unspecified</pose>
		<truncated>0</truncated>
		<difficult>0</difficult>
		<occluded>0</occluded>
		<bndbox>
			<xmin>719</xmin>
			<xmax>814</xmax>
			<ymin>58</ymin>
			<ymax>91</ymax>
		</bndbox>
	</object>
	<object>
		<name>car</name>
		<pose>Unspecified</pose>
		<truncated>0</truncated>
		<difficult>0</difficult>
		<occluded>0</occluded>
		<bndbox>
			<xmin>557</xmin>
			<xmax>657</xmax>
			<ymin>59</ymin>
			<ymax>113</ymax>
		</bndbox>
	</object>
	<object>
		<name>car</name>
		<pose>Unspecified</pose>
		<truncated>0</truncated>
		<difficult>0</difficult>
		<occluded>0</occluded>
		<bndbox>
			<xmin>661</xmin>
			<xmax>711</xmax>
			<ymin>73</ymin>
			<ymax>129</ymax>
		</bndbox>
	</object>
	<object>
		<name>car</name>
		<pose>Unspecified</pose>
		<truncated>0</truncated>
		<difficult>0</difficult>
		<occluded>0</occluded>
		<bndbox>
			<xmin>729</xmin>
			<xmax>845</xmax>
			<ymin>39</ymin>
			<ymax>141</ymax>
		</bndbox>
	</object>
	<object>
		<name>car</name>
		<pose>Unspecified</pose>
		<truncated>0</truncated>
		<difficult>0</difficult>
		<occluded>0</occluded>
		<bndbox>
			<xmin>1177</xmin>
			<xmax>1225</xmax>
			<ymin>89</ymin>
			<ymax>151</ymax>
		</bndbox>
	</object>
	<object>
		<name>person</name>
		<pose>Unspecified</pose>
		<truncated>0</truncated>
		<difficult>0</difficult>
		<occluded>0</occluded>
		<bndbox>
			<xmin>331</xmin>
			<xmax>389</xmax>
			<ymin>155</ymin>
			<ymax>291</ymax>
		</bndbox>
	</object>
</annotation>
