<annotation>
	<folder></folder>
	<filename>vdo_1125_jpg.rf.2b0d474e5f5ad9fba812fa977a0915fc.jpg</filename>
	<path>vdo_1125_jpg.rf.2b0d474e5f5ad9fba812fa977a0915fc.jpg</path>
	<source>
		<database>roboflow.ai</database>
	</source>
	<size>
		<width>1920</width>
		<height>1080</height>
		<depth>3</depth>
	</size>
	<segmented>0</segmented>
	<object>
		<name>car</name>
		<pose>Unspecified</pose>
		<truncated>0</truncated>
		<difficult>0</difficult>
		<occluded>0</occluded>
		<bndbox>
			<xmin>1041</xmin>
			<xmax>1170</xmax>
			<ymin>121</ymin>
			<ymax>226</ymax>
		</bndbox>
	</object>
	<object>
		<name>car</name>
		<pose>Unspecified</pose>
		<truncated>0</truncated>
		<difficult>0</difficult>
		<occluded>0</occluded>
		<bndbox>
			<xmin>1281</xmin>
			<xmax>1517</xmax>
			<ymin>358</ymin>
			<ymax>538</ymax>
		</bndbox>
	</object>
	<object>
		<name>car</name>
		<pose>Unspecified</pose>
		<truncated>0</truncated>
		<difficult>0</difficult>
		<occluded>0</occluded>
		<bndbox>
			<xmin>566</xmin>
			<xmax>665</xmax>
			<ymin>116</ymin>
			<ymax>166</ymax>
		</bndbox>
	</object>
	<object>
		<name>car</name>
		<pose>Unspecified</pose>
		<truncated>0</truncated>
		<difficult>0</difficult>
		<occluded>0</occluded>
		<bndbox>
			<xmin>983</xmin>
			<xmax>1051</xmax>
			<ymin>84</ymin>
			<ymax>142</ymax>
		</bndbox>
	</object>
	<object>
		<name>car</name>
		<pose>Unspecified</pose>
		<truncated>0</truncated>
		<difficult>0</difficult>
		<occluded>0</occluded>
		<bndbox>
			<xmin>654</xmin>
			<xmax>714</xmax>
			<ymin>94</ymin>
			<ymax>140</ymax>
		</bndbox>
	</object>
	<object>
		<name>car</name>
		<pose>Unspecified</pose>
		<truncated>0</truncated>
		<difficult>0</difficult>
		<occluded>0</occluded>
		<bndbox>
			<xmin>1477</xmin>
			<xmax>1787</xmax>
			<ymin>518</ymin>
			<ymax>775</ymax>
		</bndbox>
	</object>
	<object>
		<name>car</name>
		<pose>Unspecified</pose>
		<truncated>0</truncated>
		<difficult>0</difficult>
		<occluded>0</occluded>
		<bndbox>
			<xmin>883</xmin>
			<xmax>967</xmax>
			<ymin>100</ymin>
			<ymax>143</ymax>
		</bndbox>
	</object>
	<object>
		<name>car</name>
		<pose>Unspecified</pose>
		<truncated>0</truncated>
		<difficult>0</difficult>
		<occluded>0</occluded>
		<bndbox>
			<xmin>552</xmin>
			<xmax>660</xmax>
			<ymin>63</ymin>
			<ymax>118</ymax>
		</bndbox>
	</object>
</annotation>
