<annotation>
	<folder></folder>
	<filename>vdo_2109_jpg.rf.066ce5472e5c8279212bd018a59d4a05.jpg</filename>
	<path>vdo_2109_jpg.rf.066ce5472e5c8279212bd018a59d4a05.jpg</path>
	<source>
		<database>roboflow.ai</database>
	</source>
	<size>
		<width>1920</width>
		<height>1080</height>
		<depth>3</depth>
	</size>
	<segmented>0</segmented>
	<object>
		<name>car</name>
		<pose>Unspecified</pose>
		<truncated>0</truncated>
		<difficult>0</difficult>
		<occluded>0</occluded>
		<bndbox>
			<xmin>1039</xmin>
			<xmax>1171</xmax>
			<ymin>122</ymin>
			<ymax>223</ymax>
		</bndbox>
	</object>
	<object>
		<name>car</name>
		<pose>Unspecified</pose>
		<truncated>0</truncated>
		<difficult>0</difficult>
		<occluded>0</occluded>
		<bndbox>
			<xmin>1282</xmin>
			<xmax>1514</xmax>
			<ymin>351</ymin>
			<ymax>531</ymax>
		</bndbox>
	</object>
	<object>
		<name>car</name>
		<pose>Unspecified</pose>
		<truncated>0</truncated>
		<difficult>0</difficult>
		<occluded>0</occluded>
		<bndbox>
			<xmin>646</xmin>
			<xmax>798</xmax>
			<ymin>178</ymin>
			<ymax>316</ymax>
		</bndbox>
	</object>
	<object>
		<name>car</name>
		<pose>Unspecified</pose>
		<truncated>0</truncated>
		<difficult>0</difficult>
		<occluded>0</occluded>
		<bndbox>
			<xmin>1468</xmin>
			<xmax>1787</xmax>
			<ymin>507</ymin>
			<ymax>774</ymax>
		</bndbox>
	</object>
	<object>
		<name>car</name>
		<pose>Unspecified</pose>
		<truncated>0</truncated>
		<difficult>0</difficult>
		<occluded>0</occluded>
		<bndbox>
			<xmin>565</xmin>
			<xmax>658</xmax>
			<ymin>118</ymin>
			<ymax>163</ymax>
		</bndbox>
	</object>
	<object>
		<name>car</name>
		<pose>Unspecified</pose>
		<truncated>0</truncated>
		<difficult>0</difficult>
		<occluded>0</occluded>
		<bndbox>
			<xmin>980</xmin>
			<xmax>1050</xmax>
			<ymin>85</ymin>
			<ymax>140</ymax>
		</bndbox>
	</object>
	<object>
		<name>car</name>
		<pose>Unspecified</pose>
		<truncated>0</truncated>
		<difficult>0</difficult>
		<occluded>0</occluded>
		<bndbox>
			<xmin>888</xmin>
			<xmax>968</xmax>
			<ymin>94</ymin>
			<ymax>138</ymax>
		</bndbox>
	</object>
	<object>
		<name>car</name>
		<pose>Unspecified</pose>
		<truncated>0</truncated>
		<difficult>0</difficult>
		<occluded>0</occluded>
		<bndbox>
			<xmin>696</xmin>
			<xmax>812</xmax>
			<ymin>111</ymin>
			<ymax>203</ymax>
		</bndbox>
	</object>
	<object>
		<name>car</name>
		<pose>Unspecified</pose>
		<truncated>0</truncated>
		<difficult>0</difficult>
		<occluded>0</occluded>
		<bndbox>
			<xmin>713</xmin>
			<xmax>796</xmax>
			<ymin>55</ymin>
			<ymax>101</ymax>
		</bndbox>
	</object>
	<object>
		<name>car</name>
		<pose>Unspecified</pose>
		<truncated>0</truncated>
		<difficult>0</difficult>
		<occluded>0</occluded>
		<bndbox>
			<xmin>567</xmin>
			<xmax>651</xmax>
			<ymin>90</ymin>
			<ymax>117</ymax>
		</bndbox>
	</object>
	<object>
		<name>person</name>
		<pose>Unspecified</pose>
		<truncated>0</truncated>
		<difficult>0</difficult>
		<occluded>0</occluded>
		<bndbox>
			<xmin>154</xmin>
			<xmax>223</xmax>
			<ymin>241</ymin>
			<ymax>409</ymax>
		</bndbox>
	</object>
	<object>
		<name>car</name>
		<pose>Unspecified</pose>
		<truncated>0</truncated>
		<difficult>0</difficult>
		<occluded>0</occluded>
		<bndbox>
			<xmin>981</xmin>
			<xmax>1291</xmax>
			<ymin>409</ymin>
			<ymax>693</ymax>
		</bndbox>
	</object>
	<object>
		<name>car</name>
		<pose>Unspecified</pose>
		<truncated>0</truncated>
		<difficult>0</difficult>
		<occluded>0</occluded>
		<bndbox>
			<xmin>1175</xmin>
			<xmax>1223</xmax>
			<ymin>93</ymin>
			<ymax>155</ymax>
		</bndbox>
	</object>
</annotation>
