<annotation>
	<folder></folder>
	<filename>vdo_1213_jpg.rf.7b0b19973e0491db989443466c58e8a6.jpg</filename>
	<path>vdo_1213_jpg.rf.7b0b19973e0491db989443466c58e8a6.jpg</path>
	<source>
		<database>roboflow.ai</database>
	</source>
	<size>
		<width>1920</width>
		<height>1080</height>
		<depth>3</depth>
	</size>
	<segmented>0</segmented>
	<object>
		<name>car</name>
		<pose>Unspecified</pose>
		<truncated>0</truncated>
		<difficult>0</difficult>
		<occluded>0</occluded>
		<bndbox>
			<xmin>1040</xmin>
			<xmax>1166</xmax>
			<ymin>122</ymin>
			<ymax>225</ymax>
		</bndbox>
	</object>
	<object>
		<name>car</name>
		<pose>Unspecified</pose>
		<truncated>0</truncated>
		<difficult>0</difficult>
		<occluded>0</occluded>
		<bndbox>
			<xmin>1281</xmin>
			<xmax>1515</xmax>
			<ymin>356</ymin>
			<ymax>537</ymax>
		</bndbox>
	</object>
	<object>
		<name>car</name>
		<pose>Unspecified</pose>
		<truncated>0</truncated>
		<difficult>0</difficult>
		<occluded>0</occluded>
		<bndbox>
			<xmin>719</xmin>
			<xmax>808</xmax>
			<ymin>73</ymin>
			<ymax>146</ymax>
		</bndbox>
	</object>
	<object>
		<name>car</name>
		<pose>Unspecified</pose>
		<truncated>0</truncated>
		<difficult>0</difficult>
		<occluded>0</occluded>
		<bndbox>
			<xmin>982</xmin>
			<xmax>1055</xmax>
			<ymin>84</ymin>
			<ymax>141</ymax>
		</bndbox>
	</object>
	<object>
		<name>car</name>
		<pose>Unspecified</pose>
		<truncated>0</truncated>
		<difficult>0</difficult>
		<occluded>0</occluded>
		<bndbox>
			<xmin>1474</xmin>
			<xmax>1784</xmax>
			<ymin>522</ymin>
			<ymax>782</ymax>
		</bndbox>
	</object>
	<object>
		<name>car</name>
		<pose>Unspecified</pose>
		<truncated>0</truncated>
		<difficult>0</difficult>
		<occluded>0</occluded>
		<bndbox>
			<xmin>567</xmin>
			<xmax>662</xmax>
			<ymin>119</ymin>
			<ymax>165</ymax>
		</bndbox>
	</object>
	<object>
		<name>car</name>
		<pose>Unspecified</pose>
		<truncated>0</truncated>
		<difficult>0</difficult>
		<occluded>0</occluded>
		<bndbox>
			<xmin>891</xmin>
			<xmax>969</xmax>
			<ymin>99</ymin>
			<ymax>141</ymax>
		</bndbox>
	</object>
	<object>
		<name>car</name>
		<pose>Unspecified</pose>
		<truncated>0</truncated>
		<difficult>0</difficult>
		<occluded>0</occluded>
		<bndbox>
			<xmin>559</xmin>
			<xmax>655</xmax>
			<ymin>66</ymin>
			<ymax>119</ymax>
		</bndbox>
	</object>
</annotation>
