<annotation>
	<folder></folder>
	<filename>vdo_2623_jpg.rf.858870abb6379f1bc0ed6088591c19c5.jpg</filename>
	<path>vdo_2623_jpg.rf.858870abb6379f1bc0ed6088591c19c5.jpg</path>
	<source>
		<database>roboflow.ai</database>
	</source>
	<size>
		<width>1920</width>
		<height>1080</height>
		<depth>3</depth>
	</size>
	<segmented>0</segmented>
	<object>
		<name>car</name>
		<pose>Unspecified</pose>
		<truncated>0</truncated>
		<difficult>0</difficult>
		<occluded>0</occluded>
		<bndbox>
			<xmin>887</xmin>
			<xmax>1140</xmax>
			<ymin>182</ymin>
			<ymax>286</ymax>
		</bndbox>
	</object>
	<object>
		<name>car</name>
		<pose>Unspecified</pose>
		<truncated>0</truncated>
		<difficult>0</difficult>
		<occluded>0</occluded>
		<bndbox>
			<xmin>1283</xmin>
			<xmax>1511</xmax>
			<ymin>353</ymin>
			<ymax>531</ymax>
		</bndbox>
	</object>
	<object>
		<name>car</name>
		<pose>Unspecified</pose>
		<truncated>0</truncated>
		<difficult>0</difficult>
		<occluded>0</occluded>
		<bndbox>
			<xmin>851</xmin>
			<xmax>969</xmax>
			<ymin>119</ymin>
			<ymax>198</ymax>
		</bndbox>
	</object>
	<object>
		<name>car</name>
		<pose>Unspecified</pose>
		<truncated>0</truncated>
		<difficult>0</difficult>
		<occluded>0</occluded>
		<bndbox>
			<xmin>569</xmin>
			<xmax>664</xmax>
			<ymin>118</ymin>
			<ymax>166</ymax>
		</bndbox>
	</object>
	<object>
		<name>car</name>
		<pose>Unspecified</pose>
		<truncated>0</truncated>
		<difficult>0</difficult>
		<occluded>0</occluded>
		<bndbox>
			<xmin>1483</xmin>
			<xmax>1786</xmax>
			<ymin>523</ymin>
			<ymax>772</ymax>
		</bndbox>
	</object>
	<object>
		<name>car</name>
		<pose>Unspecified</pose>
		<truncated>0</truncated>
		<difficult>0</difficult>
		<occluded>0</occluded>
		<bndbox>
			<xmin>562</xmin>
			<xmax>656</xmax>
			<ymin>65</ymin>
			<ymax>119</ymax>
		</bndbox>
	</object>
	<object>
		<name>person</name>
		<pose>Unspecified</pose>
		<truncated>0</truncated>
		<difficult>0</difficult>
		<occluded>0</occluded>
		<bndbox>
			<xmin>466</xmin>
			<xmax>578</xmax>
			<ymin>937</ymin>
			<ymax>1017</ymax>
		</bndbox>
	</object>
</annotation>
